{
  "project_info": {
    "project_number": "354238976838",
    "project_id": "gps-pet2",
    "storage_bucket": "gps-pet2.appspot.com"
  },
  "client": [
    {
      "client_info": {
        "mobilesdk_app_id": "1:354238976838:android:d83f2384f6e29989674b47",
        "android_client_info": {
          "package_name": "com.example.coordenadas"
        }
      },
      "oauth_client": [],
      "api_key": [
        {
          "current_key": "AIzaSyClMFExEENd9hgUuX497jQHvZTC32nuKu0"
        }
      ],
      "services": {
        "appinvite_service": {
          "other_platform_oauth_client": []
        }
      }
    }
  ],
  "configuration_version": "1"
}